cell,formula
"BE3","=1/'3D Data Constants'!$C$5"
"I4","=(100*$BE$12)/(1E-45*B4*B4*B4*B4*B4*(POWER($BE$11,$BE$13/($BE$17*B4*0.000000001))-1)*$BE$18)"
"L4","=(R4+S4*$BE$7+T4*$BE$8)"
"Q4","=(100*$BE$12)/(1E-45*B4*B4*B4*B4*B4*(POWER($BE$11,$BE$13/('3D Data Constants'!$C$6*B4*0.000000001))-1)*$BE$14)"
"X4","=X5-2.7"
"Y4","=Y5-2.2"
"Z4","=Z5-3.8"
"AD4","=AD5-2.6"
"AE4","=AE5-1.06"
"AF4","=AF5-2.5"
"AK4","=POWER(10,U4)/1000"
"AL4","=POWER(10,V4)/1000"
"AM4","=POWER(10,W4)/1000"
"AN4","=POWER(10,X4)/1000"
"AO4","=POWER(10,Y4)/1000"
"AP4","=POWER(10,Z4)/1000"
"AQ4","=POWER(10,AA4)/1000"
"AR4","=POWER(10,AB4)/1000"
"AS4","=POWER(10,AC4)/1000"
"AT4","=POWER(10,AD4)/1000"
"AU4","=POWER(10,AE4)/1000"
"AV4","=POWER(10,AF4)/1000"
"AW4","=POWER(10,AG4)/1000"
"AX4","=POWER(10,AH4)/1000"
"AY4","=POWER(10,AI4)/1000"
"BA4","=(R4+S4*$BE$26+T4*$BE$27)"
"BB4","=(R4+S4*$BE$35+T4*$BE$36)"
"BE4","=IF('3D Data Constants'!$C$5<=7000,((-4607000000*BE3+2967800)*BE3+99.11)*BE3+0.244063,((-2006400000*BE3+1901800)*BE3+247.48)*BE3+0.23704)"
"I5","=(100*$BE$12)/(1E-45*B5*B5*B5*B5*B5*(POWER($BE$11,$BE$13/($BE$17*B5*0.000000001))-1)*$BE$18)"
"L5","=(R5+S5*$BE$7+T5*$BE$8)"
"Q5","=(100*$BE$12)/(1E-45*B5*B5*B5*B5*B5*(POWER($BE$11,$BE$13/('3D Data Constants'!$C$6*B5*0.000000001))-1)*$BE$14)"
"X5","=X6-2.7"
"Y5","=Y6-2.2"
"Z5","=Z6-3.8"
"AD5","=AD6-2.6"
"AE5","=AE6-1.06"
"AF5","=AF6-2.5"
"AK5","=POWER(10,U5)/1000"
"AL5","=POWER(10,V5)/1000"
"AM5","=POWER(10,W5)/1000"
"AN5","=POWER(10,X5)/1000"
"AO5","=POWER(10,Y5)/1000"
"AP5","=POWER(10,Z5)/1000"
"AQ5","=POWER(10,AA5)/1000"
"AR5","=POWER(10,AB5)/1000"
"AS5","=POWER(10,AC5)/1000"
"AT5","=POWER(10,AD5)/1000"
"AU5","=POWER(10,AE5)/1000"
"AV5","=POWER(10,AF5)/1000"
"AW5","=POWER(10,AG5)/1000"
"AX5","=POWER(10,AH5)/1000"
"AY5","=POWER(10,AI5)/1000"
"BA5","=(R5+S5*$BE$26+T5*$BE$27)"
"BB5","=(R5+S5*$BE$35+T5*$BE$36)"
"BE5","=(-3*BE4+2.87)*BE4-0.275"
"I6","=(100*$BE$12)/(1E-45*B6*B6*B6*B6*B6*(POWER($BE$11,$BE$13/($BE$17*B6*0.000000001))-1)*$BE$18)"
"L6","=(R6+S6*$BE$7+T6*$BE$8)"
"Q6","=(100*$BE$12)/(1E-45*B6*B6*B6*B6*B6*(POWER($BE$11,$BE$13/('3D Data Constants'!$C$6*B6*0.000000001))-1)*$BE$14)"
"X6","=X7-2.7"
"Y6","=Y7-2.2"
"Z6","=Z7-3.8"
"AD6","=AD7-2.6"
"AE6","=AE7-1.06"
"AF6","=AF7-2.5"
"AK6","=POWER(10,U6)/1000"
"AL6","=POWER(10,V6)/1000"
"AM6","=POWER(10,W6)/1000"
"AN6","=POWER(10,X6)/1000"
"AO6","=POWER(10,Y6)/1000"
"AP6","=POWER(10,Z6)/1000"
"AQ6","=POWER(10,AA6)/1000"
"AR6","=POWER(10,AB6)/1000"
"AS6","=POWER(10,AC6)/1000"
"AT6","=POWER(10,AD6)/1000"
"AU6","=POWER(10,AE6)/1000"
"AV6","=POWER(10,AF6)/1000"
"AW6","=POWER(10,AG6)/1000"
"AX6","=POWER(10,AH6)/1000"
"AY6","=POWER(10,AI6)/1000"
"BA6","=(R6+S6*$BE$26+T6*$BE$27)"
"BB6","=(R6+S6*$BE$35+T6*$BE$36)"
"BE6","=0.0241+0.2562*BE4-0.734*BE5"
"I7","=(100*$BE$12)/(1E-45*B7*B7*B7*B7*B7*(POWER($BE$11,$BE$13/($BE$17*B7*0.000000001))-1)*$BE$18)"
"L7","=(R7+S7*$BE$7+T7*$BE$8)"
"Q7","=(100*$BE$12)/(1E-45*B7*B7*B7*B7*B7*(POWER($BE$11,$BE$13/('3D Data Constants'!$C$6*B7*0.000000001))-1)*$BE$14)"
"X7","=X8-2.7"
"Y7","=Y8-2.2"
"Z7","=Z8-3.8"
"AD7","=AD8-2.6"
"AE7","=AE8-1.06"
"AF7","=AF8-2.5"
"AK7","=POWER(10,U7)/1000"
"AL7","=POWER(10,V7)/1000"
"AM7","=POWER(10,W7)/1000"
"AN7","=POWER(10,X7)/1000"
"AO7","=POWER(10,Y7)/1000"
"AP7","=POWER(10,Z7)/1000"
"AQ7","=POWER(10,AA7)/1000"
"AR7","=POWER(10,AB7)/1000"
"AS7","=POWER(10,AC7)/1000"
"AT7","=POWER(10,AD7)/1000"
"AU7","=POWER(10,AE7)/1000"
"AV7","=POWER(10,AF7)/1000"
"AW7","=POWER(10,AG7)/1000"
"AX7","=POWER(10,AH7)/1000"
"AY7","=POWER(10,AI7)/1000"
"BA7","=(R7+S7*$BE$26+T7*$BE$27)"
"BB7","=(R7+S7*$BE$35+T7*$BE$36)"
"BE7","=(-1.3515-1.7703*BE4+5.9114*BE5)/BE6"
"I8","=(100*$BE$12)/(1E-45*B8*B8*B8*B8*B8*(POWER($BE$11,$BE$13/($BE$17*B8*0.000000001))-1)*$BE$18)"
"L8","=(R8+S8*$BE$7+T8*$BE$8)"
"Q8","=(100*$BE$12)/(1E-45*B8*B8*B8*B8*B8*(POWER($BE$11,$BE$13/('3D Data Constants'!$C$6*B8*0.000000001))-1)*$BE$14)"
"X8","=X9-2.7"
"Y8","=Y9-2.2"
"Z8","=Z9-3.8"
"AD8","=AD9-2.6"
"AE8","=AE9-1.06"
"AF8","=AF9-2.5"
"AK8","=POWER(10,U8)/1000"
"AL8","=POWER(10,V8)/1000"
"AM8","=POWER(10,W8)/1000"
"AN8","=POWER(10,X8)/1000"
"AO8","=POWER(10,Y8)/1000"
"AP8","=POWER(10,Z8)/1000"
"AQ8","=POWER(10,AA8)/1000"
"AR8","=POWER(10,AB8)/1000"
"AS8","=POWER(10,AC8)/1000"
"AT8","=POWER(10,AD8)/1000"
"AU8","=POWER(10,AE8)/1000"
"AV8","=POWER(10,AF8)/1000"
"AW8","=POWER(10,AG8)/1000"
"AX8","=POWER(10,AH8)/1000"
"AY8","=POWER(10,AI8)/1000"
"BA8","=(R8+S8*$BE$26+T8*$BE$27)"
"BB8","=(R8+S8*$BE$35+T8*$BE$36)"
"BE8","=(0.03-31.4424*BE4+30.0717*BE5)/BE6"
"I9","=(100*$BE$12)/(1E-45*B9*B9*B9*B9*B9*(POWER($BE$11,$BE$13/($BE$17*B9*0.000000001))-1)*$BE$18)"
"L9","=(R9+S9*$BE$7+T9*$BE$8)"
"Q9","=(100*$BE$12)/(1E-45*B9*B9*B9*B9*B9*(POWER($BE$11,$BE$13/('3D Data Constants'!$C$6*B9*0.000000001))-1)*$BE$14)"
"X9","=X10-2.7"
"Y9","=Y10-2.2"
"Z9","=Z10-3.8"
"AD9","=AD10-2.6"
"AE9","=AE10-1.06"
"AF9","=AF10-2.5"
"AK9","=POWER(10,U9)/1000"
"AL9","=POWER(10,V9)/1000"
"AM9","=POWER(10,W9)/1000"
"AN9","=POWER(10,X9)/1000"
"AO9","=POWER(10,Y9)/1000"
"AP9","=POWER(10,Z9)/1000"
"AQ9","=POWER(10,AA9)/1000"
"AR9","=POWER(10,AB9)/1000"
"AS9","=POWER(10,AC9)/1000"
"AT9","=POWER(10,AD9)/1000"
"AU9","=POWER(10,AE9)/1000"
"AV9","=POWER(10,AF9)/1000"
"AW9","=POWER(10,AG9)/1000"
"AX9","=POWER(10,AH9)/1000"
"AY9","=POWER(10,AI9)/1000"
"BA9","=(R9+S9*$BE$26+T9*$BE$27)"
"BB9","=(R9+S9*$BE$35+T9*$BE$36)"
"I10","=(100*$BE$12)/(1E-45*B10*B10*B10*B10*B10*(POWER($BE$11,$BE$13/($BE$17*B10*0.000000001))-1)*$BE$18)"
"L10","=(R10+S10*$BE$7+T10*$BE$8)"
"Q10","=(100*$BE$12)/(1E-45*B10*B10*B10*B10*B10*(POWER($BE$11,$BE$13/('3D Data Constants'!$C$6*B10*0.000000001))-1)*$BE$14)"
"X10","=X11-2.7"
"Y10","=Y11-2.2"
"Z10","=Z11-3.8"
"AD10","=AD11-2.6"
"AE10","=AE11-1.06"
"AF10","=AF11-2.5"
"AK10","=POWER(10,U10)/1000"
"AL10","=POWER(10,V10)/1000"
"AM10","=POWER(10,W10)/1000"
"AN10","=POWER(10,X10)/1000"
"AO10","=POWER(10,Y10)/1000"
"AP10","=POWER(10,Z10)/1000"
"AQ10","=POWER(10,AA10)/1000"
"AR10","=POWER(10,AB10)/1000"
"AS10","=POWER(10,AC10)/1000"
"AT10","=POWER(10,AD10)/1000"
"AU10","=POWER(10,AE10)/1000"
"AV10","=POWER(10,AF10)/1000"
"AW10","=POWER(10,AG10)/1000"
"AX10","=POWER(10,AH10)/1000"
"AY10","=POWER(10,AI10)/1000"
"BA10","=(R10+S10*$BE$26+T10*$BE$27)"
"BB10","=(R10+S10*$BE$35+T10*$BE$36)"
"I11","=(100*$BE$12)/(1E-45*B11*B11*B11*B11*B11*(POWER($BE$11,$BE$13/($BE$17*B11*0.000000001))-1)*$BE$18)"
"L11","=(R11+S11*$BE$7+T11*$BE$8)"
"Q11","=(100*$BE$12)/(1E-45*B11*B11*B11*B11*B11*(POWER($BE$11,$BE$13/('3D Data Constants'!$C$6*B11*0.000000001))-1)*$BE$14)"
"X11","=X12-2.7"
"Y11","=Y12-2.2"
"Z11","=Z12-3.8"
"AD11","=AD12-2.6"
"AE11","=AE12-1.06"
"AK11","=POWER(10,U11)/1000"
"AL11","=POWER(10,V11)/1000"
"AM11","=POWER(10,W11)/1000"
"AN11","=POWER(10,X11)/1000"
"AO11","=POWER(10,Y11)/1000"
"AP11","=POWER(10,Z11)/1000"
"AQ11","=POWER(10,AA11)/1000"
"AR11","=POWER(10,AB11)/1000"
"AS11","=POWER(10,AC11)/1000"
"AT11","=POWER(10,AD11)/1000"
"AU11","=POWER(10,AE11)/1000"
"AV11","=POWER(10,AF11)/1000"
"AW11","=POWER(10,AG11)/1000"
"AX11","=POWER(10,AH11)/1000"
"AY11","=POWER(10,AI11)/1000"
"BA11","=(R11+S11*$BE$26+T11*$BE$27)"
"BB11","=(R11+S11*$BE$35+T11*$BE$36)"
"I12","=(100*$BE$12)/(1E-45*B12*B12*B12*B12*B12*(POWER($BE$11,$BE$13/($BE$17*B12*0.000000001))-1)*$BE$18)"
"L12","=(R12+S12*$BE$7+T12*$BE$8)"
"Q12","=(100*$BE$12)/(1E-45*B12*B12*B12*B12*B12*(POWER($BE$11,$BE$13/('3D Data Constants'!$C$6*B12*0.000000001))-1)*$BE$14)"
"X12","=X13-2.7"
"Y12","=Y13-2.2"
"AD12","=AD13-2.6"
"AE12","=AE13-1.06"
"AK12","=POWER(10,U12)/1000"
"AL12","=POWER(10,V12)/1000"
"AM12","=POWER(10,W12)/1000"
"AN12","=POWER(10,X12)/1000"
"AO12","=POWER(10,Y12)/1000"
"AP12","=POWER(10,Z12)/1000"
"AQ12","=POWER(10,AA12)/1000"
"AR12","=POWER(10,AB12)/1000"
"AS12","=POWER(10,AC12)/1000"
"AT12","=POWER(10,AD12)/1000"
"AU12","=POWER(10,AE12)/1000"
"AV12","=POWER(10,AF12)/1000"
"AW12","=POWER(10,AG12)/1000"
"AX12","=POWER(10,AH12)/1000"
"AY12","=POWER(10,AI12)/1000"
"BA12","=(R12+S12*$BE$26+T12*$BE$27)"
"BB12","=(R12+S12*$BE$35+T12*$BE$36)"
"I13","=(100*$BE$12)/(1E-45*B13*B13*B13*B13*B13*(POWER($BE$11,$BE$13/($BE$17*B13*0.000000001))-1)*$BE$18)"
"L13","=(R13+S13*$BE$7+T13*$BE$8)"
"Q13","=(100*$BE$12)/(1E-45*B13*B13*B13*B13*B13*(POWER($BE$11,$BE$13/('3D Data Constants'!$C$6*B13*0.000000001))-1)*$BE$14)"
"X13","=X14-2.7"
"Y13","=Y14-2.2"
"AD13","=AD14-2.6"
"AE13","=AE14-1.06"
"AK13","=POWER(10,U13)/1000"
"AL13","=POWER(10,V13)/1000"
"AM13","=POWER(10,W13)/1000"
"AN13","=POWER(10,X13)/1000"
"AO13","=POWER(10,Y13)/1000"
"AP13","=POWER(10,Z13)/1000"
"AQ13","=POWER(10,AA13)/1000"
"AR13","=POWER(10,AB13)/1000"
"AS13","=POWER(10,AC13)/1000"
"AT13","=POWER(10,AD13)/1000"
"AU13","=POWER(10,AE13)/1000"
"AV13","=POWER(10,AF13)/1000"
"AW13","=POWER(10,AG13)/1000"
"AX13","=POWER(10,AH13)/1000"
"AY13","=POWER(10,AI13)/1000"
"BA13","=(R13+S13*$BE$26+T13*$BE$27)"
"BB13","=(R13+S13*$BE$35+T13*$BE$36)"
"I14","=(100*$BE$12)/(1E-45*B14*B14*B14*B14*B14*(POWER($BE$11,$BE$13/($BE$17*B14*0.000000001))-1)*$BE$18)"
"L14","=(R14+S14*$BE$7+T14*$BE$8)"
"Q14","=(100*$BE$12)/(1E-45*B14*B14*B14*B14*B14*(POWER($BE$11,$BE$13/('3D Data Constants'!$C$6*B14*0.000000001))-1)*$BE$14)"
"X14","=X15-2.7"
"Y14","=Y15-2.2"
"AD14","=AD15-2.6"
"AE14","=AE15-1.06"
"AK14","=POWER(10,U14)/1000"
"AL14","=POWER(10,V14)/1000"
"AM14","=POWER(10,W14)/1000"
"AN14","=POWER(10,X14)/1000"
"AO14","=POWER(10,Y14)/1000"
"AP14","=POWER(10,Z14)/1000"
"AQ14","=POWER(10,AA14)/1000"
"AR14","=POWER(10,AB14)/1000"
"AS14","=POWER(10,AC14)/1000"
"AT14","=POWER(10,AD14)/1000"
"AU14","=POWER(10,AE14)/1000"
"AV14","=POWER(10,AF14)/1000"
"AW14","=POWER(10,AG14)/1000"
"AX14","=POWER(10,AH14)/1000"
"AY14","=POWER(10,AI14)/1000"
"BA14","=(R14+S14*$BE$26+T14*$BE$27)"
"BB14","=(R14+S14*$BE$35+T14*$BE$36)"
"BE14","=($BE$12)/(1E-45*560*560*560*560*560*(POWER($BE$11,$BE$13/('3D Data Constants'!$C$6*560*0.000000001))-1))"
"I15","=(100*$BE$12)/(1E-45*B15*B15*B15*B15*B15*(POWER($BE$11,$BE$13/($BE$17*B15*0.000000001))-1)*$BE$18)"
"L15","=(R15+S15*$BE$7+T15*$BE$8)"
"Q15","=(100*$BE$12)/(1E-45*B15*B15*B15*B15*B15*(POWER($BE$11,$BE$13/('3D Data Constants'!$C$6*B15*0.000000001))-1)*$BE$14)"
"X15","=X16-2.7"
"Y15","=Y16-2.2"
"AD15","=AD16-2.6"
"AE15","=AE16-1.06"
"AK15","=POWER(10,U15)/1000"
"AL15","=POWER(10,V15)/1000"
"AM15","=POWER(10,W15)/1000"
"AN15","=POWER(10,X15)/1000"
"AO15","=POWER(10,Y15)/1000"
"AP15","=POWER(10,Z15)/1000"
"AQ15","=POWER(10,AA15)/1000"
"AR15","=POWER(10,AB15)/1000"
"AS15","=POWER(10,AC15)/1000"
"AT15","=POWER(10,AD15)/1000"
"AU15","=POWER(10,AE15)/1000"
"AV15","=POWER(10,AF15)/1000"
"AW15","=POWER(10,AG15)/1000"
"AX15","=POWER(10,AH15)/1000"
"AY15","=POWER(10,AI15)/1000"
"BA15","=(R15+S15*$BE$26+T15*$BE$27)"
"BB15","=(R15+S15*$BE$35+T15*$BE$36)"
"I16","=(100*$BE$12)/(1E-45*B16*B16*B16*B16*B16*(POWER($BE$11,$BE$13/($BE$17*B16*0.000000001))-1)*$BE$18)"
"L16","=(R16+S16*$BE$7+T16*$BE$8)"
"Q16","=(100*$BE$12)/(1E-45*B16*B16*B16*B16*B16*(POWER($BE$11,$BE$13/('3D Data Constants'!$C$6*B16*0.000000001))-1)*$BE$14)"
"X16","=X17-2.7"
"Y16","=Y17-2.2"
"AD16","=AD17-2.6"
"AE16","=AE17-1.06"
"AK16","=POWER(10,U16)/1000"
"AL16","=POWER(10,V16)/1000"
"AM16","=POWER(10,W16)/1000"
"AN16","=POWER(10,X16)/1000"
"AO16","=POWER(10,Y16)/1000"
"AP16","=POWER(10,Z16)/1000"
"AQ16","=POWER(10,AA16)/1000"
"AR16","=POWER(10,AB16)/1000"
"AS16","=POWER(10,AC16)/1000"
"AT16","=POWER(10,AD16)/1000"
"AU16","=POWER(10,AE16)/1000"
"AV16","=POWER(10,AF16)/1000"
"AW16","=POWER(10,AG16)/1000"
"AX16","=POWER(10,AH16)/1000"
"AY16","=POWER(10,AI16)/1000"
"BA16","=(R16+S16*$BE$26+T16*$BE$27)"
"BB16","=(R16+S16*$BE$35+T16*$BE$36)"
"I17","=(100*$BE$12)/(1E-45*B17*B17*B17*B17*B17*(POWER($BE$11,$BE$13/($BE$17*B17*0.000000001))-1)*$BE$18)"
"L17","=(R17+S17*$BE$7+T17*$BE$8)"
"Q17","=(100*$BE$12)/(1E-45*B17*B17*B17*B17*B17*(POWER($BE$11,$BE$13/('3D Data Constants'!$C$6*B17*0.000000001))-1)*$BE$14)"
"X17","=X18-2.7"
"Y17","=Y18-2.2"
"AD17","=AD18-2.6"
"AK17","=POWER(10,U17)/1000"
"AL17","=POWER(10,V17)/1000"
"AM17","=POWER(10,W17)/1000"
"AN17","=POWER(10,X17)/1000"
"AO17","=POWER(10,Y17)/1000"
"AP17","=POWER(10,Z17)/1000"
"AQ17","=POWER(10,AA17)/1000"
"AR17","=POWER(10,AB17)/1000"
"AS17","=POWER(10,AC17)/1000"
"AT17","=POWER(10,AD17)/1000"
"AU17","=POWER(10,AE17)/1000"
"AV17","=POWER(10,AF17)/1000"
"AW17","=POWER(10,AG17)/1000"
"AX17","=POWER(10,AH17)/1000"
"AY17","=POWER(10,AI17)/1000"
"BA17","=(R17+S17*$BE$26+T17*$BE$27)"
"BB17","=(R17+S17*$BE$35+T17*$BE$36)"
"I18","=(100*$BE$12)/(1E-45*B18*B18*B18*B18*B18*(POWER($BE$11,$BE$13/($BE$17*B18*0.000000001))-1)*$BE$18)"
"L18","=(R18+S18*$BE$7+T18*$BE$8)"
"Q18","=(100*$BE$12)/(1E-45*B18*B18*B18*B18*B18*(POWER($BE$11,$BE$13/('3D Data Constants'!$C$6*B18*0.000000001))-1)*$BE$14)"
"X18","=X19-2.7"
"Y18","=Y19-2.2"
"AD18","=AD19-2.6"
"AK18","=POWER(10,U18)/1000"
"AL18","=POWER(10,V18)/1000"
"AM18","=POWER(10,W18)/1000"
"AN18","=POWER(10,X18)/1000"
"AO18","=POWER(10,Y18)/1000"
"AP18","=POWER(10,Z18)/1000"
"AQ18","=POWER(10,AA18)/1000"
"AR18","=POWER(10,AB18)/1000"
"AS18","=POWER(10,AC18)/1000"
"AT18","=POWER(10,AD18)/1000"
"AU18","=POWER(10,AE18)/1000"
"AV18","=POWER(10,AF18)/1000"
"AW18","=POWER(10,AG18)/1000"
"AX18","=POWER(10,AH18)/1000"
"AY18","=POWER(10,AI18)/1000"
"BA18","=(R18+S18*$BE$26+T18*$BE$27)"
"BB18","=(R18+S18*$BE$35+T18*$BE$36)"
"BE18","=($BE$12)/(1E-45*560*560*560*560*560*(POWER($BE$11,$BE$13/($BE$17*560*0.000000001))-1))"
"I19","=(100*$BE$12)/(1E-45*B19*B19*B19*B19*B19*(POWER($BE$11,$BE$13/($BE$17*B19*0.000000001))-1)*$BE$18)"
"L19","=(R19+S19*$BE$7+T19*$BE$8)"
"Q19","=(100*$BE$12)/(1E-45*B19*B19*B19*B19*B19*(POWER($BE$11,$BE$13/('3D Data Constants'!$C$6*B19*0.000000001))-1)*$BE$14)"
"X19","=X20-2.7"
"Y19","=Y20-2.2"
"AD19","=AD20-2.6"
"AK19","=POWER(10,U19)/1000"
"AL19","=POWER(10,V19)/1000"
"AM19","=POWER(10,W19)/1000"
"AN19","=POWER(10,X19)/1000"
"AO19","=POWER(10,Y19)/1000"
"AP19","=POWER(10,Z19)/1000"
"AQ19","=POWER(10,AA19)/1000"
"AR19","=POWER(10,AB19)/1000"
"AS19","=POWER(10,AC19)/1000"
"AT19","=POWER(10,AD19)/1000"
"AU19","=POWER(10,AE19)/1000"
"AV19","=POWER(10,AF19)/1000"
"AW19","=POWER(10,AG19)/1000"
"AX19","=POWER(10,AH19)/1000"
"AY19","=POWER(10,AI19)/1000"
"BA19","=(R19+S19*$BE$26+T19*$BE$27)"
"BB19","=(R19+S19*$BE$35+T19*$BE$36)"
"I20","=(100*$BE$12)/(1E-45*B20*B20*B20*B20*B20*(POWER($BE$11,$BE$13/($BE$17*B20*0.000000001))-1)*$BE$18)"
"L20","=(R20+S20*$BE$7+T20*$BE$8)"
"Q20","=(100*$BE$12)/(1E-45*B20*B20*B20*B20*B20*(POWER($BE$11,$BE$13/('3D Data Constants'!$C$6*B20*0.000000001))-1)*$BE$14)"
"X20","=X21-2.7"
"AD20","=AD21-2.6"
"AK20","=POWER(10,U20)/1000"
"AL20","=POWER(10,V20)/1000"
"AM20","=POWER(10,W20)/1000"
"AN20","=POWER(10,X20)/1000"
"AO20","=POWER(10,Y20)/1000"
"AP20","=POWER(10,Z20)/1000"
"AQ20","=POWER(10,AA20)/1000"
"AR20","=POWER(10,AB20)/1000"
"AS20","=POWER(10,AC20)/1000"
"AT20","=POWER(10,AD20)/1000"
"AU20","=POWER(10,AE20)/1000"
"AV20","=POWER(10,AF20)/1000"
"AW20","=POWER(10,AG20)/1000"
"AX20","=POWER(10,AH20)/1000"
"AY20","=POWER(10,AI20)/1000"
"BA20","=(R20+S20*$BE$26+T20*$BE$27)"
"BB20","=(R20+S20*$BE$35+T20*$BE$36)"
"I21","=(100*$BE$12)/(1E-45*B21*B21*B21*B21*B21*(POWER($BE$11,$BE$13/($BE$17*B21*0.000000001))-1)*$BE$18)"
"L21","=(R21+S21*$BE$7+T21*$BE$8)"
"Q21","=(100*$BE$12)/(1E-45*B21*B21*B21*B21*B21*(POWER($BE$11,$BE$13/('3D Data Constants'!$C$6*B21*0.000000001))-1)*$BE$14)"
"X21","=X22-2.7"
"Z21","=Z20-1.4"
"AD21","=AD22-2.6"
"AK21","=POWER(10,U21)/1000"
"AL21","=POWER(10,V21)/1000"
"AM21","=POWER(10,W21)/1000"
"AN21","=POWER(10,X21)/1000"
"AO21","=POWER(10,Y21)/1000"
"AP21","=POWER(10,Z21)/1000"
"AQ21","=POWER(10,AA21)/1000"
"AR21","=POWER(10,AB21)/1000"
"AS21","=POWER(10,AC21)/1000"
"AT21","=POWER(10,AD21)/1000"
"AU21","=POWER(10,AE21)/1000"
"AV21","=POWER(10,AF21)/1000"
"AW21","=POWER(10,AG21)/1000"
"AX21","=POWER(10,AH21)/1000"
"AY21","=POWER(10,AI21)/1000"
"BA21","=(R21+S21*$BE$26+T21*$BE$27)"
"BB21","=(R21+S21*$BE$35+T21*$BE$36)"
"BH21","=SUMPRODUCT('3D Data Constants'!$C$10:$C$59,$C$4:$C$53,$BA$4:$BA$53)/SUMPRODUCT($D$4:$D$53,$BA$4:$BA$53)"
"BI21","=SUMPRODUCT('3D Data Constants'!$C$10:$C$59,$D$4:$D$53,$BA$4:$BA$53)/SUMPRODUCT($D$4:$D$53,$BA$4:$BA$53)"
"BJ21","=SUMPRODUCT('3D Data Constants'!$C$10:$C$59,$E$4:$E$53,$BA$4:$BA$53)/SUMPRODUCT($D$4:$D$53,$BA$4:$BA$53)"
"I22","=(100*$BE$12)/(1E-45*B22*B22*B22*B22*B22*(POWER($BE$11,$BE$13/($BE$17*B22*0.000000001))-1)*$BE$18)"
"L22","=(R22+S22*$BE$7+T22*$BE$8)"
"Q22","=(100*$BE$12)/(1E-45*B22*B22*B22*B22*B22*(POWER($BE$11,$BE$13/('3D Data Constants'!$C$6*B22*0.000000001))-1)*$BE$14)"
"X22","=X23-2.7"
"Z22","=Z21-1.4"
"AD22","=AD23-2.6"
"AF22","=AF21-2.2"
"AK22","=POWER(10,U22)/1000"
"AL22","=POWER(10,V22)/1000"
"AM22","=POWER(10,W22)/1000"
"AN22","=POWER(10,X22)/1000"
"AO22","=POWER(10,Y22)/1000"
"AP22","=POWER(10,Z22)/1000"
"AQ22","=POWER(10,AA22)/1000"
"AR22","=POWER(10,AB22)/1000"
"AS22","=POWER(10,AC22)/1000"
"AT22","=POWER(10,AD22)/1000"
"AU22","=POWER(10,AE22)/1000"
"AV22","=POWER(10,AF22)/1000"
"AW22","=POWER(10,AG22)/1000"
"AX22","=POWER(10,AH22)/1000"
"AY22","=POWER(10,AI22)/1000"
"BA22","=(R22+S22*$BE$26+T22*$BE$27)"
"BB22","=(R22+S22*$BE$35+T22*$BE$36)"
"BE22","=1/BE21"
"BH22","=SUMPRODUCT('3D Data Constants'!$C$10:$C$59,$C$4:$C$53,$BB$4:$BB$53)/SUMPRODUCT($D$4:$D$53,$BB$4:$BB$53)"
"BI22","=SUMPRODUCT('3D Data Constants'!$C$10:$C$59,$D$4:$D$53,$BB$4:$BB$53)/SUMPRODUCT($D$4:$D$53,$BB$4:$BB$53)"
"BJ22","=SUMPRODUCT('3D Data Constants'!$C$10:$C$59,$E$4:$E$53,$BB$4:$BB$53)/SUMPRODUCT($D$4:$D$53,$BB$4:$BB$53)"
"I23","=(100*$BE$12)/(1E-45*B23*B23*B23*B23*B23*(POWER($BE$11,$BE$13/($BE$17*B23*0.000000001))-1)*$BE$18)"
"L23","=(R23+S23*$BE$7+T23*$BE$8)"
"Q23","=(100*$BE$12)/(1E-45*B23*B23*B23*B23*B23*(POWER($BE$11,$BE$13/('3D Data Constants'!$C$6*B23*0.000000001))-1)*$BE$14)"
"X23","=X24-2.7"
"Z23","=Z22-1.4"
"AD23","=AD24-2.6"
"AF23","=AF22-2.2"
"AK23","=POWER(10,U23)/1000"
"AL23","=POWER(10,V23)/1000"
"AM23","=POWER(10,W23)/1000"
"AN23","=POWER(10,X23)/1000"
"AO23","=POWER(10,Y23)/1000"
"AP23","=POWER(10,Z23)/1000"
"AQ23","=POWER(10,AA23)/1000"
"AR23","=POWER(10,AB23)/1000"
"AS23","=POWER(10,AC23)/1000"
"AT23","=POWER(10,AD23)/1000"
"AU23","=POWER(10,AE23)/1000"
"AV23","=POWER(10,AF23)/1000"
"AW23","=POWER(10,AG23)/1000"
"AX23","=POWER(10,AH23)/1000"
"AY23","=POWER(10,AI23)/1000"
"BA23","=(R23+S23*$BE$26+T23*$BE$27)"
"BB23","=(R23+S23*$BE$35+T23*$BE$36)"
"BE23","=IF(BE21<=7000,((-4607000000*BE22+2967800)*BE22+99.11)*BE22+0.244063,((-2006400000*BE22+1901800)*BE22+247.48)*BE22+0.23704)"
"I24","=(100*$BE$12)/(1E-45*B24*B24*B24*B24*B24*(POWER($BE$11,$BE$13/($BE$17*B24*0.000000001))-1)*$BE$18)"
"L24","=(R24+S24*$BE$7+T24*$BE$8)"
"Q24","=(100*$BE$12)/(1E-45*B24*B24*B24*B24*B24*(POWER($BE$11,$BE$13/('3D Data Constants'!$C$6*B24*0.000000001))-1)*$BE$14)"
"X24","=X25-2.7"
"Z24","=Z23-1.4"
"AD24","=AD25-2.6"
"AF24","=AF23-2.2"
"AK24","=POWER(10,U24)/1000"
"AL24","=POWER(10,V24)/1000"
"AM24","=POWER(10,W24)/1000"
"AN24","=POWER(10,X24)/1000"
"AO24","=POWER(10,Y24)/1000"
"AP24","=POWER(10,Z24)/1000"
"AQ24","=POWER(10,AA24)/1000"
"AR24","=POWER(10,AB24)/1000"
"AS24","=POWER(10,AC24)/1000"
"AT24","=POWER(10,AD24)/1000"
"AU24","=POWER(10,AE24)/1000"
"AV24","=POWER(10,AF24)/1000"
"AW24","=POWER(10,AG24)/1000"
"AX24","=POWER(10,AH24)/1000"
"AY24","=POWER(10,AI24)/1000"
"BA24","=(R24+S24*$BE$26+T24*$BE$27)"
"BB24","=(R24+S24*$BE$35+T24*$BE$36)"
"BE24","=(-3*BE23+2.87)*BE23-0.275"
"I25","=(100*$BE$12)/(1E-45*B25*B25*B25*B25*B25*(POWER($BE$11,$BE$13/($BE$17*B25*0.000000001))-1)*$BE$18)"
"L25","=(R25+S25*$BE$7+T25*$BE$8)"
"Q25","=(100*$BE$12)/(1E-45*B25*B25*B25*B25*B25*(POWER($BE$11,$BE$13/('3D Data Constants'!$C$6*B25*0.000000001))-1)*$BE$14)"
"X25","=X26-2.7"
"Z25","=Z24-1.4"
"AD25","=AD26-2.6"
"AF25","=AF24-2.2"
"AK25","=POWER(10,U25)/1000"
"AL25","=POWER(10,V25)/1000"
"AM25","=POWER(10,W25)/1000"
"AN25","=POWER(10,X25)/1000"
"AO25","=POWER(10,Y25)/1000"
"AP25","=POWER(10,Z25)/1000"
"AQ25","=POWER(10,AA25)/1000"
"AR25","=POWER(10,AB25)/1000"
"AS25","=POWER(10,AC25)/1000"
"AT25","=POWER(10,AD25)/1000"
"AU25","=POWER(10,AE25)/1000"
"AV25","=POWER(10,AF25)/1000"
"AW25","=POWER(10,AG25)/1000"
"AX25","=POWER(10,AH25)/1000"
"AY25","=POWER(10,AI25)/1000"
"BA25","=(R25+S25*$BE$26+T25*$BE$27)"
"BB25","=(R25+S25*$BE$35+T25*$BE$36)"
"BE25","=0.0241+0.2562*BE23-0.734*BE24"
"I26","=(100*$BE$12)/(1E-45*B26*B26*B26*B26*B26*(POWER($BE$11,$BE$13/($BE$17*B26*0.000000001))-1)*$BE$18)"
"L26","=(R26+S26*$BE$7+T26*$BE$8)"
"Q26","=(100*$BE$12)/(1E-45*B26*B26*B26*B26*B26*(POWER($BE$11,$BE$13/('3D Data Constants'!$C$6*B26*0.000000001))-1)*$BE$14)"
"X26","=X27-2.7"
"Z26","=Z25-1.4"
"AD26","=AD27-2.6"
"AF26","=AF25-2.2"
"AK26","=POWER(10,U26)/1000"
"AL26","=POWER(10,V26)/1000"
"AM26","=POWER(10,W26)/1000"
"AN26","=POWER(10,X26)/1000"
"AO26","=POWER(10,Y26)/1000"
"AP26","=POWER(10,Z26)/1000"
"AQ26","=POWER(10,AA26)/1000"
"AR26","=POWER(10,AB26)/1000"
"AS26","=POWER(10,AC26)/1000"
"AT26","=POWER(10,AD26)/1000"
"AU26","=POWER(10,AE26)/1000"
"AV26","=POWER(10,AF26)/1000"
"AW26","=POWER(10,AG26)/1000"
"AX26","=POWER(10,AH26)/1000"
"AY26","=POWER(10,AI26)/1000"
"BA26","=(R26+S26*$BE$26+T26*$BE$27)"
"BB26","=(R26+S26*$BE$35+T26*$BE$36)"
"BE26","=(-1.3515-1.7703*BE23+5.9114*BE24)/BE25"
"I27","=(100*$BE$12)/(1E-45*B27*B27*B27*B27*B27*(POWER($BE$11,$BE$13/($BE$17*B27*0.000000001))-1)*$BE$18)"
"L27","=(R27+S27*$BE$7+T27*$BE$8)"
"Q27","=(100*$BE$12)/(1E-45*B27*B27*B27*B27*B27*(POWER($BE$11,$BE$13/('3D Data Constants'!$C$6*B27*0.000000001))-1)*$BE$14)"
"X27","=X28-2.7"
"Z27","=Z26-1.4"
"AD27","=AD28-2.6"
"AF27","=AF26-2.2"
"AK27","=POWER(10,U27)/1000"
"AL27","=POWER(10,V27)/1000"
"AM27","=POWER(10,W27)/1000"
"AN27","=POWER(10,X27)/1000"
"AO27","=POWER(10,Y27)/1000"
"AP27","=POWER(10,Z27)/1000"
"AQ27","=POWER(10,AA27)/1000"
"AR27","=POWER(10,AB27)/1000"
"AS27","=POWER(10,AC27)/1000"
"AT27","=POWER(10,AD27)/1000"
"AU27","=POWER(10,AE27)/1000"
"AV27","=POWER(10,AF27)/1000"
"AW27","=POWER(10,AG27)/1000"
"AX27","=POWER(10,AH27)/1000"
"AY27","=POWER(10,AI27)/1000"
"BA27","=(R27+S27*$BE$26+T27*$BE$27)"
"BB27","=(R27+S27*$BE$35+T27*$BE$36)"
"BE27","=(0.03-31.4424*BE23+30.0717*BE24)/BE25"
"I28","=(100*$BE$12)/(1E-45*B28*B28*B28*B28*B28*(POWER($BE$11,$BE$13/($BE$17*B28*0.000000001))-1)*$BE$18)"
"L28","=(R28+S28*$BE$7+T28*$BE$8)"
"Q28","=(100*$BE$12)/(1E-45*B28*B28*B28*B28*B28*(POWER($BE$11,$BE$13/('3D Data Constants'!$C$6*B28*0.000000001))-1)*$BE$14)"
"X28","=X29-2.7"
"Z28","=Z27-1.4"
"AD28","=AD29-2.6"
"AF28","=AF27-2.2"
"AK28","=POWER(10,U28)/1000"
"AL28","=POWER(10,V28)/1000"
"AM28","=POWER(10,W28)/1000"
"AN28","=POWER(10,X28)/1000"
"AO28","=POWER(10,Y28)/1000"
"AP28","=POWER(10,Z28)/1000"
"AQ28","=POWER(10,AA28)/1000"
"AR28","=POWER(10,AB28)/1000"
"AS28","=POWER(10,AC28)/1000"
"AT28","=POWER(10,AD28)/1000"
"AU28","=POWER(10,AE28)/1000"
"AV28","=POWER(10,AF28)/1000"
"AW28","=POWER(10,AG28)/1000"
"AX28","=POWER(10,AH28)/1000"
"AY28","=POWER(10,AI28)/1000"
"BA28","=(R28+S28*$BE$26+T28*$BE$27)"
"BB28","=(R28+S28*$BE$35+T28*$BE$36)"
"I29","=(100*$BE$12)/(1E-45*B29*B29*B29*B29*B29*(POWER($BE$11,$BE$13/($BE$17*B29*0.000000001))-1)*$BE$18)"
"L29","=(R29+S29*$BE$7+T29*$BE$8)"
"Q29","=(100*$BE$12)/(1E-45*B29*B29*B29*B29*B29*(POWER($BE$11,$BE$13/('3D Data Constants'!$C$6*B29*0.000000001))-1)*$BE$14)"
"X29","=X30-2.7"
"Z29","=Z28-1.4"
"AD29","=AD30-2.6"
"AF29","=AF28-2.2"
"AK29","=POWER(10,U29)/1000"
"AL29","=POWER(10,V29)/1000"
"AM29","=POWER(10,W29)/1000"
"AN29","=POWER(10,X29)/1000"
"AO29","=POWER(10,Y29)/1000"
"AP29","=POWER(10,Z29)/1000"
"AQ29","=POWER(10,AA29)/1000"
"AR29","=POWER(10,AB29)/1000"
"AS29","=POWER(10,AC29)/1000"
"AT29","=POWER(10,AD29)/1000"
"AU29","=POWER(10,AE29)/1000"
"AV29","=POWER(10,AF29)/1000"
"AW29","=POWER(10,AG29)/1000"
"AX29","=POWER(10,AH29)/1000"
"AY29","=POWER(10,AI29)/1000"
"BA29","=(R29+S29*$BE$26+T29*$BE$27)"
"BB29","=(R29+S29*$BE$35+T29*$BE$36)"
"I30","=(100*$BE$12)/(1E-45*B30*B30*B30*B30*B30*(POWER($BE$11,$BE$13/($BE$17*B30*0.000000001))-1)*$BE$18)"
"L30","=(R30+S30*$BE$7+T30*$BE$8)"
"Q30","=(100*$BE$12)/(1E-45*B30*B30*B30*B30*B30*(POWER($BE$11,$BE$13/('3D Data Constants'!$C$6*B30*0.000000001))-1)*$BE$14)"
"Y30","=Y29-1.7"
"Z30","=Z29-1.4"
"AD30","=AD31-2.6"
"AF30","=AF29-2.2"
"AK30","=POWER(10,U30)/1000"
"AL30","=POWER(10,V30)/1000"
"AM30","=POWER(10,W30)/1000"
"AN30","=POWER(10,X30)/1000"
"AO30","=POWER(10,Y30)/1000"
"AP30","=POWER(10,Z30)/1000"
"AQ30","=POWER(10,AA30)/1000"
"AR30","=POWER(10,AB30)/1000"
"AS30","=POWER(10,AC30)/1000"
"AT30","=POWER(10,AD30)/1000"
"AU30","=POWER(10,AE30)/1000"
"AV30","=POWER(10,AF30)/1000"
"AW30","=POWER(10,AG30)/1000"
"AX30","=POWER(10,AH30)/1000"
"AY30","=POWER(10,AI30)/1000"
"BA30","=(R30+S30*$BE$26+T30*$BE$27)"
"BB30","=(R30+S30*$BE$35+T30*$BE$36)"
"I31","=(100*$BE$12)/(1E-45*B31*B31*B31*B31*B31*(POWER($BE$11,$BE$13/($BE$17*B31*0.000000001))-1)*$BE$18)"
"L31","=(R31+S31*$BE$7+T31*$BE$8)"
"Q31","=(100*$BE$12)/(1E-45*B31*B31*B31*B31*B31*(POWER($BE$11,$BE$13/('3D Data Constants'!$C$6*B31*0.000000001))-1)*$BE$14)"
"Y31","=Y30-1.7"
"Z31","=Z30-1.4"
"AD31","=AD32-2.6"
"AF31","=AF30-2.2"
"AK31","=POWER(10,U31)/1000"
"AL31","=POWER(10,V31)/1000"
"AM31","=POWER(10,W31)/1000"
"AN31","=POWER(10,X31)/1000"
"AO31","=POWER(10,Y31)/1000"
"AP31","=POWER(10,Z31)/1000"
"AQ31","=POWER(10,AA31)/1000"
"AR31","=POWER(10,AB31)/1000"
"AS31","=POWER(10,AC31)/1000"
"AT31","=POWER(10,AD31)/1000"
"AU31","=POWER(10,AE31)/1000"
"AV31","=POWER(10,AF31)/1000"
"AW31","=POWER(10,AG31)/1000"
"AX31","=POWER(10,AH31)/1000"
"AY31","=POWER(10,AI31)/1000"
"BA31","=(R31+S31*$BE$26+T31*$BE$27)"
"BB31","=(R31+S31*$BE$35+T31*$BE$36)"
"BE31","=1/BE30"
"I32","=(100*$BE$12)/(1E-45*B32*B32*B32*B32*B32*(POWER($BE$11,$BE$13/($BE$17*B32*0.000000001))-1)*$BE$18)"
"L32","=(R32+S32*$BE$7+T32*$BE$8)"
"Q32","=(100*$BE$12)/(1E-45*B32*B32*B32*B32*B32*(POWER($BE$11,$BE$13/('3D Data Constants'!$C$6*B32*0.000000001))-1)*$BE$14)"
"Y32","=Y31-1.7"
"Z32","=Z31-1.4"
"AE32","=AE31-1.2"
"AF32","=AF31-2.2"
"AK32","=POWER(10,U32)/1000"
"AL32","=POWER(10,V32)/1000"
"AM32","=POWER(10,W32)/1000"
"AN32","=POWER(10,X32)/1000"
"AO32","=POWER(10,Y32)/1000"
"AP32","=POWER(10,Z32)/1000"
"AQ32","=POWER(10,AA32)/1000"
"AR32","=POWER(10,AB32)/1000"
"AS32","=POWER(10,AC32)/1000"
"AT32","=POWER(10,AD32)/1000"
"AU32","=POWER(10,AE32)/1000"
"AV32","=POWER(10,AF32)/1000"
"AW32","=POWER(10,AG32)/1000"
"AX32","=POWER(10,AH32)/1000"
"AY32","=POWER(10,AI32)/1000"
"BA32","=(R32+S32*$BE$26+T32*$BE$27)"
"BB32","=(R32+S32*$BE$35+T32*$BE$36)"
"BE32","=IF(BE30<=7000,((-4607000000*BE31+2967800)*BE31+99.11)*BE31+0.244063,((-2006400000*BE31+1901800)*BE31+247.48)*BE31+0.23704)"
"I33","=(100*$BE$12)/(1E-45*B33*B33*B33*B33*B33*(POWER($BE$11,$BE$13/($BE$17*B33*0.000000001))-1)*$BE$18)"
"L33","=(R33+S33*$BE$7+T33*$BE$8)"
"Q33","=(100*$BE$12)/(1E-45*B33*B33*B33*B33*B33*(POWER($BE$11,$BE$13/('3D Data Constants'!$C$6*B33*0.000000001))-1)*$BE$14)"
"Y33","=Y32-1.7"
"Z33","=Z32-1.4"
"AE33","=AE32-1.2"
"AF33","=AF32-2.2"
"AK33","=POWER(10,U33)/1000"
"AL33","=POWER(10,V33)/1000"
"AM33","=POWER(10,W33)/1000"
"AN33","=POWER(10,X33)/1000"
"AO33","=POWER(10,Y33)/1000"
"AP33","=POWER(10,Z33)/1000"
"AQ33","=POWER(10,AA33)/1000"
"AR33","=POWER(10,AB33)/1000"
"AS33","=POWER(10,AC33)/1000"
"AT33","=POWER(10,AD33)/1000"
"AU33","=POWER(10,AE33)/1000"
"AV33","=POWER(10,AF33)/1000"
"AW33","=POWER(10,AG33)/1000"
"AX33","=POWER(10,AH33)/1000"
"AY33","=POWER(10,AI33)/1000"
"BA33","=(R33+S33*$BE$26+T33*$BE$27)"
"BB33","=(R33+S33*$BE$35+T33*$BE$36)"
"BE33","=(-3*BE32+2.87)*BE32-0.275"
"I34","=(100*$BE$12)/(1E-45*B34*B34*B34*B34*B34*(POWER($BE$11,$BE$13/($BE$17*B34*0.000000001))-1)*$BE$18)"
"L34","=(R34+S34*$BE$7+T34*$BE$8)"
"Q34","=(100*$BE$12)/(1E-45*B34*B34*B34*B34*B34*(POWER($BE$11,$BE$13/('3D Data Constants'!$C$6*B34*0.000000001))-1)*$BE$14)"
"Y34","=Y33-1.7"
"Z34","=Z33-1.4"
"AE34","=AE33-1.2"
"AF34","=AF33-2.2"
"AK34","=POWER(10,U34)/1000"
"AL34","=POWER(10,V34)/1000"
"AM34","=POWER(10,W34)/1000"
"AN34","=POWER(10,X34)/1000"
"AO34","=POWER(10,Y34)/1000"
"AP34","=POWER(10,Z34)/1000"
"AQ34","=POWER(10,AA34)/1000"
"AR34","=POWER(10,AB34)/1000"
"AS34","=POWER(10,AC34)/1000"
"AT34","=POWER(10,AD34)/1000"
"AU34","=POWER(10,AE34)/1000"
"AV34","=POWER(10,AF34)/1000"
"AW34","=POWER(10,AG34)/1000"
"AX34","=POWER(10,AH34)/1000"
"AY34","=POWER(10,AI34)/1000"
"BA34","=(R34+S34*$BE$26+T34*$BE$27)"
"BB34","=(R34+S34*$BE$35+T34*$BE$36)"
"BE34","=0.0241+0.2562*BE32-0.734*BE33"
"I35","=(100*$BE$12)/(1E-45*B35*B35*B35*B35*B35*(POWER($BE$11,$BE$13/($BE$17*B35*0.000000001))-1)*$BE$18)"
"L35","=(R35+S35*$BE$7+T35*$BE$8)"
"Q35","=(100*$BE$12)/(1E-45*B35*B35*B35*B35*B35*(POWER($BE$11,$BE$13/('3D Data Constants'!$C$6*B35*0.000000001))-1)*$BE$14)"
"Y35","=Y34-1.7"
"Z35","=Z34-1.4"
"AE35","=AE34-1.2"
"AF35","=AF34-2.2"
"AK35","=POWER(10,U35)/1000"
"AL35","=POWER(10,V35)/1000"
"AM35","=POWER(10,W35)/1000"
"AN35","=POWER(10,X35)/1000"
"AO35","=POWER(10,Y35)/1000"
"AP35","=POWER(10,Z35)/1000"
"AQ35","=POWER(10,AA35)/1000"
"AR35","=POWER(10,AB35)/1000"
"AS35","=POWER(10,AC35)/1000"
"AT35","=POWER(10,AD35)/1000"
"AU35","=POWER(10,AE35)/1000"
"AV35","=POWER(10,AF35)/1000"
"AW35","=POWER(10,AG35)/1000"
"AX35","=POWER(10,AH35)/1000"
"AY35","=POWER(10,AI35)/1000"
"BA35","=(R35+S35*$BE$26+T35*$BE$27)"
"BB35","=(R35+S35*$BE$35+T35*$BE$36)"
"BE35","=(-1.3515-1.7703*BE32+5.9114*BE33)/BE34"
"I36","=(100*$BE$12)/(1E-45*B36*B36*B36*B36*B36*(POWER($BE$11,$BE$13/($BE$17*B36*0.000000001))-1)*$BE$18)"
"L36","=(R36+S36*$BE$7+T36*$BE$8)"
"Q36","=(100*$BE$12)/(1E-45*B36*B36*B36*B36*B36*(POWER($BE$11,$BE$13/('3D Data Constants'!$C$6*B36*0.000000001))-1)*$BE$14)"
"Y36","=Y35-1.7"
"Z36","=Z35-1.4"
"AE36","=AE35-1.2"
"AF36","=AF35-2.2"
"AK36","=POWER(10,U36)/1000"
"AL36","=POWER(10,V36)/1000"
"AM36","=POWER(10,W36)/1000"
"AN36","=POWER(10,X36)/1000"
"AO36","=POWER(10,Y36)/1000"
"AP36","=POWER(10,Z36)/1000"
"AQ36","=POWER(10,AA36)/1000"
"AR36","=POWER(10,AB36)/1000"
"AS36","=POWER(10,AC36)/1000"
"AT36","=POWER(10,AD36)/1000"
"AU36","=POWER(10,AE36)/1000"
"AV36","=POWER(10,AF36)/1000"
"AW36","=POWER(10,AG36)/1000"
"AX36","=POWER(10,AH36)/1000"
"AY36","=POWER(10,AI36)/1000"
"BA36","=(R36+S36*$BE$26+T36*$BE$27)"
"BB36","=(R36+S36*$BE$35+T36*$BE$36)"
"BE36","=(0.03-31.4424*BE32+30.0717*BE33)/BE34"
"I37","=(100*$BE$12)/(1E-45*B37*B37*B37*B37*B37*(POWER($BE$11,$BE$13/($BE$17*B37*0.000000001))-1)*$BE$18)"
"L37","=(R37+S37*$BE$7+T37*$BE$8)"
"Q37","=(100*$BE$12)/(1E-45*B37*B37*B37*B37*B37*(POWER($BE$11,$BE$13/('3D Data Constants'!$C$6*B37*0.000000001))-1)*$BE$14)"
"Y37","=Y36-1.7"
"Z37","=Z36-1.4"
"AE37","=AE36-1.2"
"AF37","=AF36-2.2"
"AK37","=POWER(10,U37)/1000"
"AL37","=POWER(10,V37)/1000"
"AM37","=POWER(10,W37)/1000"
"AN37","=POWER(10,X37)/1000"
"AO37","=POWER(10,Y37)/1000"
"AP37","=POWER(10,Z37)/1000"
"AQ37","=POWER(10,AA37)/1000"
"AR37","=POWER(10,AB37)/1000"
"AS37","=POWER(10,AC37)/1000"
"AT37","=POWER(10,AD37)/1000"
"AU37","=POWER(10,AE37)/1000"
"AV37","=POWER(10,AF37)/1000"
"AW37","=POWER(10,AG37)/1000"
"AX37","=POWER(10,AH37)/1000"
"AY37","=POWER(10,AI37)/1000"
"BA37","=(R37+S37*$BE$26+T37*$BE$27)"
"BB37","=(R37+S37*$BE$35+T37*$BE$36)"
"I38","=(100*$BE$12)/(1E-45*B38*B38*B38*B38*B38*(POWER($BE$11,$BE$13/($BE$17*B38*0.000000001))-1)*$BE$18)"
"L38","=(R38+S38*$BE$7+T38*$BE$8)"
"Q38","=(100*$BE$12)/(1E-45*B38*B38*B38*B38*B38*(POWER($BE$11,$BE$13/('3D Data Constants'!$C$6*B38*0.000000001))-1)*$BE$14)"
"Y38","=Y37-1.7"
"Z38","=Z37-1.4"
"AE38","=AE37-1.2"
"AF38","=AF37-2.2"
"AK38","=POWER(10,U38)/1000"
"AL38","=POWER(10,V38)/1000"
"AM38","=POWER(10,W38)/1000"
"AN38","=POWER(10,X38)/1000"
"AO38","=POWER(10,Y38)/1000"
"AP38","=POWER(10,Z38)/1000"
"AQ38","=POWER(10,AA38)/1000"
"AR38","=POWER(10,AB38)/1000"
"AS38","=POWER(10,AC38)/1000"
"AT38","=POWER(10,AD38)/1000"
"AU38","=POWER(10,AE38)/1000"
"AV38","=POWER(10,AF38)/1000"
"AW38","=POWER(10,AG38)/1000"
"AX38","=POWER(10,AH38)/1000"
"AY38","=POWER(10,AI38)/1000"
"BA38","=(R38+S38*$BE$26+T38*$BE$27)"
"BB38","=(R38+S38*$BE$35+T38*$BE$36)"
"I39","=(100*$BE$12)/(1E-45*B39*B39*B39*B39*B39*(POWER($BE$11,$BE$13/($BE$17*B39*0.000000001))-1)*$BE$18)"
"L39","=(R39+S39*$BE$7+T39*$BE$8)"
"Q39","=(100*$BE$12)/(1E-45*B39*B39*B39*B39*B39*(POWER($BE$11,$BE$13/('3D Data Constants'!$C$6*B39*0.000000001))-1)*$BE$14)"
"Y39","=Y38-1.7"
"Z39","=Z38-1.4"
"AE39","=AE38-1.2"
"AF39","=AF38-2.2"
"AK39","=POWER(10,U39)/1000"
"AL39","=POWER(10,V39)/1000"
"AM39","=POWER(10,W39)/1000"
"AN39","=POWER(10,X39)/1000"
"AO39","=POWER(10,Y39)/1000"
"AP39","=POWER(10,Z39)/1000"
"AQ39","=POWER(10,AA39)/1000"
"AR39","=POWER(10,AB39)/1000"
"AS39","=POWER(10,AC39)/1000"
"AT39","=POWER(10,AD39)/1000"
"AU39","=POWER(10,AE39)/1000"
"AV39","=POWER(10,AF39)/1000"
"AW39","=POWER(10,AG39)/1000"
"AX39","=POWER(10,AH39)/1000"
"AY39","=POWER(10,AI39)/1000"
"BA39","=(R39+S39*$BE$26+T39*$BE$27)"
"BB39","=(R39+S39*$BE$35+T39*$BE$36)"
"BE39","=(216/24389)"
"I40","=(100*$BE$12)/(1E-45*B40*B40*B40*B40*B40*(POWER($BE$11,$BE$13/($BE$17*B40*0.000000001))-1)*$BE$18)"
"L40","=(R40+S40*$BE$7+T40*$BE$8)"
"Q40","=(100*$BE$12)/(1E-45*B40*B40*B40*B40*B40*(POWER($BE$11,$BE$13/('3D Data Constants'!$C$6*B40*0.000000001))-1)*$BE$14)"
"Y40","=Y39-1.7"
"Z40","=Z39-1.4"
"AE40","=AE39-1.2"
"AF40","=AF39-2.2"
"AK40","=POWER(10,U40)/1000"
"AL40","=POWER(10,V40)/1000"
"AM40","=POWER(10,W40)/1000"
"AN40","=POWER(10,X40)/1000"
"AO40","=POWER(10,Y40)/1000"
"AP40","=POWER(10,Z40)/1000"
"AQ40","=POWER(10,AA40)/1000"
"AR40","=POWER(10,AB40)/1000"
"AS40","=POWER(10,AC40)/1000"
"AT40","=POWER(10,AD40)/1000"
"AU40","=POWER(10,AE40)/1000"
"AV40","=POWER(10,AF40)/1000"
"AW40","=POWER(10,AG40)/1000"
"AX40","=POWER(10,AH40)/1000"
"AY40","=POWER(10,AI40)/1000"
"BA40","=(R40+S40*$BE$26+T40*$BE$27)"
"BB40","=(R40+S40*$BE$35+T40*$BE$36)"
"BE40","=(24389/27)"
"I41","=(100*$BE$12)/(1E-45*B41*B41*B41*B41*B41*(POWER($BE$11,$BE$13/($BE$17*B41*0.000000001))-1)*$BE$18)"
"L41","=(R41+S41*$BE$7+T41*$BE$8)"
"Q41","=(100*$BE$12)/(1E-45*B41*B41*B41*B41*B41*(POWER($BE$11,$BE$13/('3D Data Constants'!$C$6*B41*0.000000001))-1)*$BE$14)"
"Y41","=Y40-1.7"
"Z41","=Z40-1.4"
"AE41","=AE40-1.2"
"AF41","=AF40-2.2"
"AK41","=POWER(10,U41)/1000"
"AL41","=POWER(10,V41)/1000"
"AM41","=POWER(10,W41)/1000"
"AN41","=POWER(10,X41)/1000"
"AO41","=POWER(10,Y41)/1000"
"AP41","=POWER(10,Z41)/1000"
"AQ41","=POWER(10,AA41)/1000"
"AR41","=POWER(10,AB41)/1000"
"AS41","=POWER(10,AC41)/1000"
"AT41","=POWER(10,AD41)/1000"
"AU41","=POWER(10,AE41)/1000"
"AV41","=POWER(10,AF41)/1000"
"AW41","=POWER(10,AG41)/1000"
"AX41","=POWER(10,AH41)/1000"
"AY41","=POWER(10,AI41)/1000"
"BA41","=(R41+S41*$BE$26+T41*$BE$27)"
"BB41","=(R41+S41*$BE$35+T41*$BE$36)"
"I42","=(100*$BE$12)/(1E-45*B42*B42*B42*B42*B42*(POWER($BE$11,$BE$13/($BE$17*B42*0.000000001))-1)*$BE$18)"
"L42","=(R42+S42*$BE$7+T42*$BE$8)"
"Q42","=(100*$BE$12)/(1E-45*B42*B42*B42*B42*B42*(POWER($BE$11,$BE$13/('3D Data Constants'!$C$6*B42*0.000000001))-1)*$BE$14)"
"Y42","=Y41-1.7"
"Z42","=Z41-1.4"
"AE42","=AE41-1.2"
"AF42","=AF41-2.2"
"AK42","=POWER(10,U42)/1000"
"AL42","=POWER(10,V42)/1000"
"AM42","=POWER(10,W42)/1000"
"AN42","=POWER(10,X42)/1000"
"AO42","=POWER(10,Y42)/1000"
"AP42","=POWER(10,Z42)/1000"
"AQ42","=POWER(10,AA42)/1000"
"AR42","=POWER(10,AB42)/1000"
"AS42","=POWER(10,AC42)/1000"
"AT42","=POWER(10,AD42)/1000"
"AU42","=POWER(10,AE42)/1000"
"AV42","=POWER(10,AF42)/1000"
"AW42","=POWER(10,AG42)/1000"
"AX42","=POWER(10,AH42)/1000"
"AY42","=POWER(10,AI42)/1000"
"BA42","=(R42+S42*$BE$26+T42*$BE$27)"
"BB42","=(R42+S42*$BE$35+T42*$BE$36)"
"I43","=(100*$BE$12)/(1E-45*B43*B43*B43*B43*B43*(POWER($BE$11,$BE$13/($BE$17*B43*0.000000001))-1)*$BE$18)"
"L43","=(R43+S43*$BE$7+T43*$BE$8)"
"Q43","=(100*$BE$12)/(1E-45*B43*B43*B43*B43*B43*(POWER($BE$11,$BE$13/('3D Data Constants'!$C$6*B43*0.000000001))-1)*$BE$14)"
"Y43","=Y42-1.7"
"Z43","=Z42-1.4"
"AE43","=AE42-1.2"
"AF43","=AF42-2.2"
"AK43","=POWER(10,U43)/1000"
"AL43","=POWER(10,V43)/1000"
"AM43","=POWER(10,W43)/1000"
"AN43","=POWER(10,X43)/1000"
"AO43","=POWER(10,Y43)/1000"
"AP43","=POWER(10,Z43)/1000"
"AQ43","=POWER(10,AA43)/1000"
"AR43","=POWER(10,AB43)/1000"
"AS43","=POWER(10,AC43)/1000"
"AT43","=POWER(10,AD43)/1000"
"AU43","=POWER(10,AE43)/1000"
"AV43","=POWER(10,AF43)/1000"
"AW43","=POWER(10,AG43)/1000"
"AX43","=POWER(10,AH43)/1000"
"AY43","=POWER(10,AI43)/1000"
"BA43","=(R43+S43*$BE$26+T43*$BE$27)"
"BB43","=(R43+S43*$BE$35+T43*$BE$36)"
"I44","=(100*$BE$12)/(1E-45*B44*B44*B44*B44*B44*(POWER($BE$11,$BE$13/($BE$17*B44*0.000000001))-1)*$BE$18)"
"L44","=(R44+S44*$BE$7+T44*$BE$8)"
"Q44","=(100*$BE$12)/(1E-45*B44*B44*B44*B44*B44*(POWER($BE$11,$BE$13/('3D Data Constants'!$C$6*B44*0.000000001))-1)*$BE$14)"
"Y44","=Y43-1.7"
"Z44","=Z43-1.4"
"AE44","=AE43-1.2"
"AF44","=AF43-2.2"
"AK44","=POWER(10,U44)/1000"
"AL44","=POWER(10,V44)/1000"
"AM44","=POWER(10,W44)/1000"
"AN44","=POWER(10,X44)/1000"
"AO44","=POWER(10,Y44)/1000"
"AP44","=POWER(10,Z44)/1000"
"AQ44","=POWER(10,AA44)/1000"
"AR44","=POWER(10,AB44)/1000"
"AS44","=POWER(10,AC44)/1000"
"AT44","=POWER(10,AD44)/1000"
"AU44","=POWER(10,AE44)/1000"
"AV44","=POWER(10,AF44)/1000"
"AW44","=POWER(10,AG44)/1000"
"AX44","=POWER(10,AH44)/1000"
"AY44","=POWER(10,AI44)/1000"
"BA44","=(R44+S44*$BE$26+T44*$BE$27)"
"BB44","=(R44+S44*$BE$35+T44*$BE$36)"
"I45","=(100*$BE$12)/(1E-45*B45*B45*B45*B45*B45*(POWER($BE$11,$BE$13/($BE$17*B45*0.000000001))-1)*$BE$18)"
"L45","=(R45+S45*$BE$7+T45*$BE$8)"
"Q45","=(100*$BE$12)/(1E-45*B45*B45*B45*B45*B45*(POWER($BE$11,$BE$13/('3D Data Constants'!$C$6*B45*0.000000001))-1)*$BE$14)"
"Y45","=Y44-1.7"
"Z45","=Z44-1.4"
"AE45","=AE44-1.2"
"AF45","=AF44-2.2"
"AK45","=POWER(10,U45)/1000"
"AL45","=POWER(10,V45)/1000"
"AM45","=POWER(10,W45)/1000"
"AN45","=POWER(10,X45)/1000"
"AO45","=POWER(10,Y45)/1000"
"AP45","=POWER(10,Z45)/1000"
"AQ45","=POWER(10,AA45)/1000"
"AR45","=POWER(10,AB45)/1000"
"AS45","=POWER(10,AC45)/1000"
"AT45","=POWER(10,AD45)/1000"
"AU45","=POWER(10,AE45)/1000"
"AV45","=POWER(10,AF45)/1000"
"AW45","=POWER(10,AG45)/1000"
"AX45","=POWER(10,AH45)/1000"
"AY45","=POWER(10,AI45)/1000"
"BA45","=(R45+S45*$BE$26+T45*$BE$27)"
"BB45","=(R45+S45*$BE$35+T45*$BE$36)"
"I46","=(100*$BE$12)/(1E-45*B46*B46*B46*B46*B46*(POWER($BE$11,$BE$13/($BE$17*B46*0.000000001))-1)*$BE$18)"
"L46","=(R46+S46*$BE$7+T46*$BE$8)"
"Q46","=(100*$BE$12)/(1E-45*B46*B46*B46*B46*B46*(POWER($BE$11,$BE$13/('3D Data Constants'!$C$6*B46*0.000000001))-1)*$BE$14)"
"X46","=X45-0.4"
"Y46","=Y45-1.7"
"Z46","=Z45-1.4"
"AE46","=AE45-1.2"
"AF46","=AF45-2.2"
"AK46","=POWER(10,U46)/1000"
"AL46","=POWER(10,V46)/1000"
"AM46","=POWER(10,W46)/1000"
"AN46","=POWER(10,X46)/1000"
"AO46","=POWER(10,Y46)/1000"
"AP46","=POWER(10,Z46)/1000"
"AQ46","=POWER(10,AA46)/1000"
"AR46","=POWER(10,AB46)/1000"
"AS46","=POWER(10,AC46)/1000"
"AT46","=POWER(10,AD46)/1000"
"AU46","=POWER(10,AE46)/1000"
"AV46","=POWER(10,AF46)/1000"
"AW46","=POWER(10,AG46)/1000"
"AX46","=POWER(10,AH46)/1000"
"AY46","=POWER(10,AI46)/1000"
"BA46","=(R46+S46*$BE$26+T46*$BE$27)"
"BB46","=(R46+S46*$BE$35+T46*$BE$36)"
"I47","=(100*$BE$12)/(1E-45*B47*B47*B47*B47*B47*(POWER($BE$11,$BE$13/($BE$17*B47*0.000000001))-1)*$BE$18)"
"L47","=(R47+S47*$BE$7+T47*$BE$8)"
"Q47","=(100*$BE$12)/(1E-45*B47*B47*B47*B47*B47*(POWER($BE$11,$BE$13/('3D Data Constants'!$C$6*B47*0.000000001))-1)*$BE$14)"
"X47","=X46-0.4"
"Y47","=Y46-1.7"
"Z47","=Z46-1.4"
"AE47","=AE46-1.2"
"AF47","=AF46-2.2"
"AK47","=POWER(10,U47)/1000"
"AL47","=POWER(10,V47)/1000"
"AM47","=POWER(10,W47)/1000"
"AN47","=POWER(10,X47)/1000"
"AO47","=POWER(10,Y47)/1000"
"AP47","=POWER(10,Z47)/1000"
"AQ47","=POWER(10,AA47)/1000"
"AR47","=POWER(10,AB47)/1000"
"AS47","=POWER(10,AC47)/1000"
"AT47","=POWER(10,AD47)/1000"
"AU47","=POWER(10,AE47)/1000"
"AV47","=POWER(10,AF47)/1000"
"AW47","=POWER(10,AG47)/1000"
"AX47","=POWER(10,AH47)/1000"
"AY47","=POWER(10,AI47)/1000"
"BA47","=(R47+S47*$BE$26+T47*$BE$27)"
"BB47","=(R47+S47*$BE$35+T47*$BE$36)"
"I48","=(100*$BE$12)/(1E-45*B48*B48*B48*B48*B48*(POWER($BE$11,$BE$13/($BE$17*B48*0.000000001))-1)*$BE$18)"
"L48","=(R48+S48*$BE$7+T48*$BE$8)"
"Q48","=(100*$BE$12)/(1E-45*B48*B48*B48*B48*B48*(POWER($BE$11,$BE$13/('3D Data Constants'!$C$6*B48*0.000000001))-1)*$BE$14)"
"X48","=X47-0.4"
"Y48","=Y47-1.7"
"Z48","=Z47-1.4"
"AD48","=AD47-0.4"
"AE48","=AE47-1.2"
"AF48","=AF47-2.2"
"AK48","=POWER(10,U48)/1000"
"AL48","=POWER(10,V48)/1000"
"AM48","=POWER(10,W48)/1000"
"AN48","=POWER(10,X48)/1000"
"AO48","=POWER(10,Y48)/1000"
"AP48","=POWER(10,Z48)/1000"
"AQ48","=POWER(10,AA48)/1000"
"AR48","=POWER(10,AB48)/1000"
"AS48","=POWER(10,AC48)/1000"
"AT48","=POWER(10,AD48)/1000"
"AU48","=POWER(10,AE48)/1000"
"AV48","=POWER(10,AF48)/1000"
"AW48","=POWER(10,AG48)/1000"
"AX48","=POWER(10,AH48)/1000"
"AY48","=POWER(10,AI48)/1000"
"BA48","=(R48+S48*$BE$26+T48*$BE$27)"
"BB48","=(R48+S48*$BE$35+T48*$BE$36)"
"I49","=(100*$BE$12)/(1E-45*B49*B49*B49*B49*B49*(POWER($BE$11,$BE$13/($BE$17*B49*0.000000001))-1)*$BE$18)"
"L49","=(R49+S49*$BE$7+T49*$BE$8)"
"Q49","=(100*$BE$12)/(1E-45*B49*B49*B49*B49*B49*(POWER($BE$11,$BE$13/('3D Data Constants'!$C$6*B49*0.000000001))-1)*$BE$14)"
"X49","=X48-0.4"
"Y49","=Y48-1.7"
"Z49","=Z48-1.4"
"AD49","=AD48-0.4"
"AE49","=AE48-1.2"
"AF49","=AF48-2.2"
"AK49","=POWER(10,U49)/1000"
"AL49","=POWER(10,V49)/1000"
"AM49","=POWER(10,W49)/1000"
"AN49","=POWER(10,X49)/1000"
"AO49","=POWER(10,Y49)/1000"
"AP49","=POWER(10,Z49)/1000"
"AQ49","=POWER(10,AA49)/1000"
"AR49","=POWER(10,AB49)/1000"
"AS49","=POWER(10,AC49)/1000"
"AT49","=POWER(10,AD49)/1000"
"AU49","=POWER(10,AE49)/1000"
"AV49","=POWER(10,AF49)/1000"
"AW49","=POWER(10,AG49)/1000"
"AX49","=POWER(10,AH49)/1000"
"AY49","=POWER(10,AI49)/1000"
"BA49","=(R49+S49*$BE$26+T49*$BE$27)"
"BB49","=(R49+S49*$BE$35+T49*$BE$36)"
"I50","=(100*$BE$12)/(1E-45*B50*B50*B50*B50*B50*(POWER($BE$11,$BE$13/($BE$17*B50*0.000000001))-1)*$BE$18)"
"L50","=(R50+S50*$BE$7+T50*$BE$8)"
"Q50","=(100*$BE$12)/(1E-45*B50*B50*B50*B50*B50*(POWER($BE$11,$BE$13/('3D Data Constants'!$C$6*B50*0.000000001))-1)*$BE$14)"
"X50","=X49-0.4"
"Y50","=Y49-1.7"
"Z50","=Z49-1.4"
"AD50","=AD49-0.4"
"AE50","=AE49-1.2"
"AF50","=AF49-2.2"
"AK50","=POWER(10,U50)/1000"
"AL50","=POWER(10,V50)/1000"
"AM50","=POWER(10,W50)/1000"
"AN50","=POWER(10,X50)/1000"
"AO50","=POWER(10,Y50)/1000"
"AP50","=POWER(10,Z50)/1000"
"AQ50","=POWER(10,AA50)/1000"
"AR50","=POWER(10,AB50)/1000"
"AS50","=POWER(10,AC50)/1000"
"AT50","=POWER(10,AD50)/1000"
"AU50","=POWER(10,AE50)/1000"
"AV50","=POWER(10,AF50)/1000"
"AW50","=POWER(10,AG50)/1000"
"AX50","=POWER(10,AH50)/1000"
"AY50","=POWER(10,AI50)/1000"
"BA50","=(R50+S50*$BE$26+T50*$BE$27)"
"BB50","=(R50+S50*$BE$35+T50*$BE$36)"
"I51","=(100*$BE$12)/(1E-45*B51*B51*B51*B51*B51*(POWER($BE$11,$BE$13/($BE$17*B51*0.000000001))-1)*$BE$18)"
"L51","=(R51+S51*$BE$7+T51*$BE$8)"
"Q51","=(100*$BE$12)/(1E-45*B51*B51*B51*B51*B51*(POWER($BE$11,$BE$13/('3D Data Constants'!$C$6*B51*0.000000001))-1)*$BE$14)"
"X51","=X50-0.4"
"Y51","=Y50-1.7"
"Z51","=Z50-1.4"
"AD51","=AD50-0.4"
"AE51","=AE50-1.2"
"AF51","=AF50-2.2"
"AK51","=POWER(10,U51)/1000"
"AL51","=POWER(10,V51)/1000"
"AM51","=POWER(10,W51)/1000"
"AN51","=POWER(10,X51)/1000"
"AO51","=POWER(10,Y51)/1000"
"AP51","=POWER(10,Z51)/1000"
"AQ51","=POWER(10,AA51)/1000"
"AR51","=POWER(10,AB51)/1000"
"AS51","=POWER(10,AC51)/1000"
"AT51","=POWER(10,AD51)/1000"
"AU51","=POWER(10,AE51)/1000"
"AV51","=POWER(10,AF51)/1000"
"AW51","=POWER(10,AG51)/1000"
"AX51","=POWER(10,AH51)/1000"
"AY51","=POWER(10,AI51)/1000"
"BA51","=(R51+S51*$BE$26+T51*$BE$27)"
"BB51","=(R51+S51*$BE$35+T51*$BE$36)"
"I52","=(100*$BE$12)/(1E-45*B52*B52*B52*B52*B52*(POWER($BE$11,$BE$13/($BE$17*B52*0.000000001))-1)*$BE$18)"
"L52","=(R52+S52*$BE$7+T52*$BE$8)"
"Q52","=(100*$BE$12)/(1E-45*B52*B52*B52*B52*B52*(POWER($BE$11,$BE$13/('3D Data Constants'!$C$6*B52*0.000000001))-1)*$BE$14)"
"X52","=X51-0.4"
"Y52","=Y51-1.7"
"Z52","=Z51-1.4"
"AD52","=AD51-0.4"
"AE52","=AE51-1.2"
"AF52","=AF51-2.2"
"AK52","=POWER(10,U52)/1000"
"AL52","=POWER(10,V52)/1000"
"AM52","=POWER(10,W52)/1000"
"AN52","=POWER(10,X52)/1000"
"AO52","=POWER(10,Y52)/1000"
"AP52","=POWER(10,Z52)/1000"
"AQ52","=POWER(10,AA52)/1000"
"AR52","=POWER(10,AB52)/1000"
"AS52","=POWER(10,AC52)/1000"
"AT52","=POWER(10,AD52)/1000"
"AU52","=POWER(10,AE52)/1000"
"AV52","=POWER(10,AF52)/1000"
"AW52","=POWER(10,AG52)/1000"
"AX52","=POWER(10,AH52)/1000"
"AY52","=POWER(10,AI52)/1000"
"BA52","=(R52+S52*$BE$26+T52*$BE$27)"
"BB52","=(R52+S52*$BE$35+T52*$BE$36)"
"I53","=(100*$BE$12)/(1E-45*B53*B53*B53*B53*B53*(POWER($BE$11,$BE$13/($BE$17*B53*0.000000001))-1)*$BE$18)"
"L53","=(R53+S53*$BE$7+T53*$BE$8)"
"Q53","=(100*$BE$12)/(1E-45*B53*B53*B53*B53*B53*(POWER($BE$11,$BE$13/('3D Data Constants'!$C$6*B53*0.000000001))-1)*$BE$14)"
"X53","=X52-0.4"
"Y53","=Y52-1.7"
"Z53","=Z52-1.4"
"AD53","=AD52-0.4"
"AE53","=AE52-1.2"
"AF53","=AF52-2.2"
"AK53","=POWER(10,U53)/1000"
"AL53","=POWER(10,V53)/1000"
"AM53","=POWER(10,W53)/1000"
"AN53","=POWER(10,X53)/1000"
"AO53","=POWER(10,Y53)/1000"
"AP53","=POWER(10,Z53)/1000"
"AQ53","=POWER(10,AA53)/1000"
"AR53","=POWER(10,AB53)/1000"
"AS53","=POWER(10,AC53)/1000"
"AT53","=POWER(10,AD53)/1000"
"AU53","=POWER(10,AE53)/1000"
"AV53","=POWER(10,AF53)/1000"
"AW53","=POWER(10,AG53)/1000"
"AX53","=POWER(10,AH53)/1000"
"AY53","=POWER(10,AI53)/1000"
"BA53","=(R53+S53*$BE$26+T53*$BE$27)"
"BB53","=(R53+S53*$BE$35+T53*$BE$36)"
